"parameterName","parameterValue","meanPercentError"
"M",40,15.2822916666667
"M",100,11.0641666666667
"N",20,13.5539583333333
"N",40,12.7925
"numSubgroups",1,0
"numSubgroups",2,5.6775
"numSubgroups",3,11.78875
"numSubgroups",4,16.85375
"numSubgroups",5,20.57875
"numSubgroups",6,24.140625
"lambda",0,16.0064583333333
"lambda",100,10.34
"univ",0,22.2320833333333
"univ",1,4.114375
