"parameterName","parameterValue","meanPercentError"
"M",40,48.565625
"M",100,32.9566666666667
"N",20,39.1227083333333
"N",40,42.3995833333333
"numSubgroups",1,2.86875
"numSubgroups",2,19.876875
"numSubgroups",3,37.495
"numSubgroups",4,52.795625
"numSubgroups",5,62.045625
"numSubgroups",6,69.485
"lambda",0,43.4135416666667
"lambda",100,38.10875
"univ",0,53.23875
"univ",1,28.2835416666667
