"numSubgroupsComputed","percentError"
1,75.1559251559251
2,44.640753828033
3,39.5299145299145
4,47.741935483871
5,43.0167597765363
6,35.5263157894737
7,100
8,100
9,100
